"id","blog_content_id","no","name","content","detail","blog_category_id","user_id","status","posts_date","content_draft","detail_draft","publish_begin","publish_end","exclude_search","eye_catch","created","modified"
"1","1","1","ホームページをオープンしました","本文が入ります。本文が入ります。本文が入ります。本文が入ります。本文が入ります。本文が入ります。本文が入ります。本文が入ります。本文が入ります。<br /><br />本文が入ります。本文が入ります。本文が入ります。本文が入ります。本文が入ります。本文が入ります。本文が入ります。本文が入ります。本文が入ります。<br /><br />","詳細が入ります。詳細が入ります。詳細が入ります。詳細が入ります。詳細が入ります。詳細が入ります。詳細が入ります。詳細が入ります。詳細が入ります。<br /><br />詳細が入ります。詳細が入ります。詳細が入ります。詳細が入ります。詳細が入ります。詳細が入ります。詳細が入ります。詳細が入ります。詳細が入ります。","1","1","1","2015-11-19 00:00:00","","","","","","","2019-12-18 14:43:42",""
"2","1","2","新商品を販売を開始しました。","新商品を販売を開始しました。新商品を販売を開始しました。新商品を販売を開始しました。新商品を販売を開始しました。<br /><br />新商品を販売を開始しました。新商品を販売を開始しました。新商品を販売を開始しました。新商品を販売を開始しました。<br />","<p>詳細が入ります。詳細が入ります。詳細が入ります。詳細が入ります。詳細が入ります。詳細が入ります。詳細が入ります。<br />
<br />
詳細が入ります。詳細が入ります。詳細が入ります。詳細が入ります。詳細が入ります。詳細が入ります。詳細が入ります。<br />
<br />
詳細が入ります。詳細が入ります。詳細が入ります。詳細が入ります。詳細が入ります。詳細が入ります。詳細が入ります。<br />
&nbsp;</p>

<h3 style=""color:Blue;"">aaaaa0</h3>

<h3 style=""color:Red;"">akaaaaaa</h3>

<hr />
<h1>h1;aaaaa</h1>

<h2>h2;aaaaa</h2>

<h3>h3;aaaaa</h3>

<h4>h4;aaaaa</h4>

<h5>h5;aaaaa</h5>

<h6>h6;aaaaa</h6>","1","1","1","2015-11-19 00:00:00","","","","","","","2019-12-18 14:43:42","2020-01-07 14:30:20"
"3","2","1","01","<p>01</p>","<p>011</p>","","1","1","2019-12-22 01:37:24","","","","","","","2019-12-22 01:37:40","2019-12-22 05:55:55"
"4","1","3","test","","<p>testt</p>","","1","1","2019-12-22 06:10:24","","","","","","","2019-12-22 06:10:42","2019-12-22 06:16:16"
"5","1","4","resrr","","","","1","1","2019-12-26 12:12:29","","","","","","","2019-12-26 12:12:46","2019-12-26 12:12:46"
"6","1","5","testte","","<p>te</p>","","1","1","2019-12-26 12:12:57","","","","","","","2019-12-26 12:13:09","2019-12-26 12:13:09"
"7","1","6","aaaaaaa","","<p>aaaaa</p>","3","1","1","2019-12-26 12:13:35","","","","","","","2019-12-26 12:13:45","2020-01-11 22:51:09"
"8","1","7","aaaaaaa_copy","","<p>aaaaa</p>","","1","","2019-12-26 12:13:35","","","","","","","2020-01-11 22:50:27","2020-01-11 22:50:27"
